{"cameraMode":{"drawMode":0,"name":"Shaded","section":"Shading Mode"},"sceneLighting":false,"audioPlay":false,"sceneViewState":{"showFog":true,"showMaterialUpdate":false,"showSkybox":false,"showFlares":true,"showImageEffects":true,"showParticleSystems":true},"in2DMode":false,"pivot":{"x":44.494834899902347,"y":6.359615325927734,"z":19.981672286987306},"rotation":{"x":0.053759388625621799,"y":0.5562859773635864,"z":-0.03611825034022331,"w":0.8284814953804016},"size":35.83511734008789,"orthographic":false}