{"cameraMode":{"drawMode":0,"name":"Shaded","section":"Shading Mode"},"sceneLighting":false,"audioPlay":false,"sceneViewState":{"showFog":true,"showMaterialUpdate":false,"showSkybox":false,"showFlares":true,"showImageEffects":true,"showParticleSystems":true},"in2DMode":false,"pivot":{"x":-46.6060791015625,"y":-0.1343003511428833,"z":-5.286083221435547},"rotation":{"x":0.05215665325522423,"y":0.9196094870567322,"z":-0.13082917034626008,"w":0.36675915122032168},"size":4.7233567237854,"orthographic":false}