{"cameraMode":{"drawMode":0,"name":"Shaded","section":"Shading Mode"},"sceneLighting":false,"audioPlay":false,"sceneViewState":{"showFog":true,"showMaterialUpdate":false,"showSkybox":false,"showFlares":true,"showImageEffects":true,"showParticleSystems":true},"in2DMode":false,"pivot":{"x":-16.93199920654297,"y":1.3195117712020875,"z":4.98799991607666},"rotation":{"x":0.08538282662630081,"y":0.5614504814147949,"z":-0.05874001607298851,"w":0.8211309313774109},"size":6.788588523864746,"orthographic":false}