{"cameraMode":{"drawMode":0,"name":"Shaded","section":"Shading Mode"},"sceneLighting":false,"audioPlay":false,"sceneViewState":{"showFog":true,"showMaterialUpdate":false,"showSkybox":false,"showFlares":true,"showImageEffects":true,"showParticleSystems":true},"in2DMode":false,"pivot":{"x":-33.274845123291019,"y":6.951128959655762,"z":7.322935581207275},"rotation":{"x":0.053759388625621799,"y":0.5562859773635864,"z":-0.03611825034022331,"w":0.8284814953804016},"size":43.51558303833008,"orthographic":false}