{"cameraMode":{"drawMode":0,"name":"Shaded","section":"Shading Mode"},"sceneLighting":false,"audioPlay":false,"sceneViewState":{"showFog":true,"showMaterialUpdate":false,"showSkybox":false,"showFlares":true,"showImageEffects":true,"showParticleSystems":true},"in2DMode":false,"pivot":{"x":22.06422233581543,"y":-0.3990291655063629,"z":20.563491821289064},"rotation":{"x":0.08299940079450607,"y":-0.7010160088539124,"z":0.08253207057714462,"w":0.703580379486084},"size":12.95280647277832,"orthographic":false}