{"cameraMode":{"drawMode":0,"name":"Shaded","section":"Shading Mode"},"sceneLighting":false,"audioPlay":false,"sceneViewState":{"showFog":true,"showMaterialUpdate":false,"showSkybox":false,"showFlares":true,"showImageEffects":true,"showParticleSystems":true},"in2DMode":false,"pivot":{"x":-31.0,"y":0.519439160823822,"z":12.449999809265137},"rotation":{"x":-0.4663340747356415,"y":0.4854901134967804,"z":-0.34638094902038576,"w":-0.6533963680267334},"size":2.8332579135894777,"orthographic":false}