{"cameraMode":{"drawMode":0,"name":"Shaded","section":"Shading Mode"},"sceneLighting":false,"audioPlay":false,"sceneViewState":{"showFog":true,"showMaterialUpdate":false,"showSkybox":false,"showFlares":true,"showImageEffects":true,"showParticleSystems":true},"in2DMode":false,"pivot":{"x":-0.5142180919647217,"y":2.6355245113372804,"z":-2.546999931335449},"rotation":{"x":-0.4152626693248749,"y":0.5062903165817261,"z":-0.3036217987537384,"w":-0.6921823620796204},"size":1.7792695760726929,"orthographic":false}