{"cameraMode":{"drawMode":0,"name":"Shaded","section":"Shading Mode"},"sceneLighting":false,"audioPlay":false,"sceneViewState":{"showFog":true,"showMaterialUpdate":false,"showSkybox":false,"showFlares":true,"showImageEffects":true,"showParticleSystems":true},"in2DMode":false,"pivot":{"x":-53.50044631958008,"y":1.7963354587554932,"z":-5.0006327629089359},"rotation":{"x":-0.13591518998146058,"y":-0.32322028279304507,"z":0.047005850821733478,"w":-0.9353569746017456},"size":3.927199125289917,"orthographic":false}