{"cameraMode":{"drawMode":0,"name":"Shaded","section":"Shading Mode"},"sceneLighting":false,"audioPlay":false,"sceneViewState":{"showFog":true,"showMaterialUpdate":false,"showSkybox":false,"showFlares":true,"showImageEffects":true,"showParticleSystems":true},"in2DMode":false,"pivot":{"x":-24.524654388427736,"y":6.125301361083984,"z":7.3734846115112309},"rotation":{"x":0.053759388625621799,"y":0.5562859773635864,"z":-0.03611825034022331,"w":0.8284814953804016},"size":34.03653335571289,"orthographic":false}