{"cameraMode":{"drawMode":0,"name":"Shaded","section":"Shading Mode"},"sceneLighting":false,"audioPlay":false,"sceneViewState":{"showFog":true,"showMaterialUpdate":false,"showSkybox":false,"showFlares":true,"showImageEffects":true,"showParticleSystems":true},"in2DMode":false,"pivot":{"x":-25.069700241088868,"y":0.9443163871765137,"z":21.513134002685548},"rotation":{"x":-0.14450319111347199,"y":-0.6071147918701172,"z":0.11352735757827759,"w":-0.7731032967567444},"size":4.310337066650391,"orthographic":false}