{"cameraMode":{"drawMode":0,"name":"Shaded","section":"Shading Mode"},"sceneLighting":false,"audioPlay":false,"sceneViewState":{"showFog":true,"showMaterialUpdate":false,"showSkybox":false,"showFlares":true,"showImageEffects":true,"showParticleSystems":true},"in2DMode":false,"pivot":{"x":-23.671247482299806,"y":0.39796990156173708,"z":14.349323272705079},"rotation":{"x":0.20729361474514008,"y":0.11534273624420166,"z":-0.0249344315379858,"w":0.9712501168251038},"size":3.275944709777832,"orthographic":false}