{"cameraMode":{"drawMode":0,"name":"Shaded","section":"Shading Mode"},"sceneLighting":false,"audioPlay":false,"sceneViewState":{"showFog":true,"showMaterialUpdate":false,"showSkybox":false,"showFlares":true,"showImageEffects":true,"showParticleSystems":true},"in2DMode":false,"pivot":{"x":-37.48255157470703,"y":1.7897652387619019,"z":-11.531856536865235},"rotation":{"x":-0.4393775165081024,"y":0.45499730110168459,"z":0.2762692868709564,"w":0.7236229181289673},"size":4.1812615394592289,"orthographic":false}