{"cameraMode":{"drawMode":0,"name":"Shaded","section":"Shading Mode"},"sceneLighting":false,"audioPlay":false,"sceneViewState":{"showFog":true,"showMaterialUpdate":false,"showSkybox":false,"showFlares":true,"showImageEffects":true,"showParticleSystems":true},"in2DMode":false,"pivot":{"x":-24.81775665283203,"y":3.677466869354248,"z":2.7068400382995607},"rotation":{"x":0.07520831376314163,"y":0.9160769581794739,"z":-0.3273395597934723,"w":0.22152945399284364},"size":6.190732955932617,"orthographic":false}