{"cameraMode":{"drawMode":0,"name":"Shaded","section":"Shading Mode"},"sceneLighting":false,"audioPlay":false,"sceneViewState":{"showFog":true,"showMaterialUpdate":false,"showSkybox":false,"showFlares":true,"showImageEffects":true,"showParticleSystems":true},"in2DMode":false,"pivot":{"x":-26.54808807373047,"y":0.42422229051589968,"z":23.063920974731447},"rotation":{"x":-0.4663340747356415,"y":0.4854901134967804,"z":-0.34638094902038576,"w":-0.6533963680267334},"size":2.9170644283294679,"orthographic":false}