{"cameraMode":{"drawMode":0,"name":"Shaded","section":"Shading Mode"},"sceneLighting":false,"audioPlay":false,"sceneViewState":{"showFog":true,"showMaterialUpdate":false,"showSkybox":false,"showFlares":true,"showImageEffects":true,"showParticleSystems":true},"in2DMode":false,"pivot":{"x":-21.30699920654297,"y":0.9661614894866943,"z":-1.2029999494552613},"rotation":{"x":0.08538282662630081,"y":0.5614504814147949,"z":-0.05874001607298851,"w":0.8211309313774109},"size":1.5928668975830079,"orthographic":false}