{"cameraMode":{"drawMode":0,"name":"Shaded","section":"Shading Mode"},"sceneLighting":false,"audioPlay":false,"sceneViewState":{"showFog":true,"showMaterialUpdate":false,"showSkybox":false,"showFlares":true,"showImageEffects":true,"showParticleSystems":true},"in2DMode":false,"pivot":{"x":-28.41280174255371,"y":0.3570510745048523,"z":9.357020378112793},"rotation":{"x":-0.13591518998146058,"y":-0.32322028279304507,"z":0.047005850821733478,"w":-0.9353569746017456},"size":4.5418548583984379,"orthographic":false}