{"cameraMode":{"drawMode":0,"name":"Shaded","section":"Shading Mode"},"sceneLighting":false,"audioPlay":false,"sceneViewState":{"showFog":true,"showMaterialUpdate":false,"showSkybox":false,"showFlares":true,"showImageEffects":true,"showParticleSystems":true},"in2DMode":false,"pivot":{"x":-29.0374755859375,"y":-2.6067471504211427,"z":0.7312498092651367},"rotation":{"x":0.01899264007806778,"y":-0.9732381701469421,"z":0.2153259664773941,"w":0.08163630217313767},"size":9.781928062438965,"orthographic":false}