{"cameraMode":{"drawMode":0,"name":"Shaded","section":"Shading Mode"},"sceneLighting":false,"audioPlay":false,"sceneViewState":{"showFog":true,"showMaterialUpdate":false,"showSkybox":false,"showFlares":true,"showImageEffects":true,"showParticleSystems":true},"in2DMode":false,"pivot":{"x":1.0831849575042725,"y":1.0054128170013428,"z":9.566564559936524},"rotation":{"x":-0.08857006579637528,"y":-0.30850449204444888,"z":0.02893960475921631,"w":-0.9466879963874817},"size":4.878166675567627,"orthographic":false}