{"cameraMode":{"drawMode":0,"name":"Shaded","section":"Shading Mode"},"sceneLighting":false,"audioPlay":false,"sceneViewState":{"showFog":true,"showMaterialUpdate":false,"showSkybox":false,"showFlares":true,"showImageEffects":true,"showParticleSystems":true},"in2DMode":false,"pivot":{"x":-24.485294342041017,"y":0.5086799263954163,"z":24.63063621520996},"rotation":{"x":0.10888921469449997,"y":0.36404478549957278,"z":-0.04292100667953491,"w":0.9240147471427918},"size":1.127355933189392,"orthographic":false}