{"cameraMode":{"drawMode":0,"name":"Shaded","section":"Shading Mode"},"sceneLighting":false,"audioPlay":false,"sceneViewState":{"showFog":true,"showMaterialUpdate":false,"showSkybox":false,"showFlares":true,"showImageEffects":true,"showParticleSystems":true},"in2DMode":false,"pivot":{"x":3.026660680770874,"y":0.5610910654067993,"z":-0.6236409544944763},"rotation":{"x":-0.2425033450126648,"y":0.33696895837783816,"z":-0.0893034040927887,"w":-0.905656635761261},"size":0.6968698501586914,"orthographic":false}