{"cameraMode":{"drawMode":0,"name":"Shaded","section":"Shading Mode"},"sceneLighting":false,"audioPlay":false,"sceneViewState":{"showFog":true,"showMaterialUpdate":false,"showSkybox":false,"showFlares":true,"showImageEffects":true,"showParticleSystems":true},"in2DMode":false,"pivot":{"x":-24.848434448242189,"y":0.34247398376464846,"z":24.010103225708009},"rotation":{"x":0.10888921469449997,"y":0.36404478549957278,"z":-0.04292100667953491,"w":0.9240147471427918},"size":2.1517300605773927,"orthographic":false}