{"cameraMode":{"drawMode":0,"name":"Shaded","section":"Shading Mode"},"sceneLighting":false,"audioPlay":false,"sceneViewState":{"showFog":true,"showMaterialUpdate":false,"showSkybox":false,"showFlares":true,"showImageEffects":true,"showParticleSystems":true},"in2DMode":false,"pivot":{"x":-33.07130813598633,"y":0.9014098644256592,"z":12.661551475524903},"rotation":{"x":-0.2718718647956848,"y":0.7253236174583435,"z":-0.4073876142501831,"w":-0.4838411808013916},"size":3.1850290298461916,"orthographic":false}