{"cameraMode":{"drawMode":0,"name":"Shaded","section":"Shading Mode"},"sceneLighting":false,"audioPlay":false,"sceneViewState":{"showFog":true,"showMaterialUpdate":false,"showSkybox":false,"showFlares":true,"showImageEffects":true,"showParticleSystems":true},"in2DMode":false,"pivot":{"x":-51.0030403137207,"y":0.2496798038482666,"z":4.499996662139893},"rotation":{"x":-0.4663340747356415,"y":0.4854901134967804,"z":-0.34638094902038576,"w":-0.6533963680267334},"size":28.06689453125,"orthographic":false}