{"cameraMode":{"drawMode":0,"name":"Shaded","section":"Shading Mode"},"sceneLighting":false,"audioPlay":false,"sceneViewState":{"showFog":true,"showMaterialUpdate":false,"showSkybox":false,"showFlares":true,"showImageEffects":true,"showParticleSystems":true},"in2DMode":false,"pivot":{"x":-3.065152883529663,"y":2.34566593170166,"z":-2.093461513519287},"rotation":{"x":-0.08857006579637528,"y":-0.30850449204444888,"z":0.02893960475921631,"w":-0.9466879963874817},"size":2.6734344959259035,"orthographic":false}