{"cameraMode":{"drawMode":0,"name":"Shaded","section":"Shading Mode"},"sceneLighting":false,"audioPlay":false,"sceneViewState":{"showFog":true,"showMaterialUpdate":false,"showSkybox":false,"showFlares":true,"showImageEffects":true,"showParticleSystems":true},"in2DMode":false,"pivot":{"x":0.4755430221557617,"y":-1.2411041259765626,"z":5.755039691925049},"rotation":{"x":-0.22337009012699128,"y":0.4939415454864502,"z":-0.1300375908613205,"w":-0.8306735754013062},"size":10.612217903137207,"orthographic":false}