{"cameraMode":{"drawMode":0,"name":"Shaded","section":"Shading Mode"},"sceneLighting":false,"audioPlay":false,"sceneViewState":{"showFog":true,"showMaterialUpdate":false,"showSkybox":false,"showFlares":true,"showImageEffects":true,"showParticleSystems":true},"in2DMode":false,"pivot":{"x":-1.9385287761688233,"y":0.695547342300415,"z":8.697020530700684},"rotation":{"x":-0.4663340747356415,"y":0.4854901134967804,"z":-0.34638094902038576,"w":-0.6533963680267334},"size":3.184424877166748,"orthographic":false}