{"cameraMode":{"drawMode":0,"name":"Shaded","section":"Shading Mode"},"sceneLighting":false,"audioPlay":false,"sceneViewState":{"showFog":true,"showMaterialUpdate":false,"showSkybox":false,"showFlares":true,"showImageEffects":true,"showParticleSystems":true},"in2DMode":false,"pivot":{"x":-22.12618637084961,"y":0.17880259454250337,"z":14.565001487731934},"rotation":{"x":-0.08857006579637528,"y":-0.30850449204444888,"z":0.02893960475921631,"w":-0.9466879963874817},"size":1.2093546390533448,"orthographic":false}