{"cameraMode":{"drawMode":0,"name":"Shaded","section":"Shading Mode"},"sceneLighting":false,"audioPlay":false,"sceneViewState":{"showFog":true,"showMaterialUpdate":false,"showSkybox":false,"showFlares":true,"showImageEffects":true,"showParticleSystems":true},"in2DMode":false,"pivot":{"x":0.9904940128326416,"y":-2.197599411010742,"z":0.8704147338867188},"rotation":{"x":0.01899264007806778,"y":-0.9732381701469421,"z":0.2153259664773941,"w":0.08163630217313767},"size":10.615270614624024,"orthographic":false}