{"cameraMode":{"drawMode":0,"name":"Shaded","section":"Shading Mode"},"sceneLighting":false,"audioPlay":false,"sceneViewState":{"showFog":true,"showMaterialUpdate":false,"showSkybox":false,"showFlares":true,"showImageEffects":true,"showParticleSystems":true},"in2DMode":false,"pivot":{"x":-1.623669147491455,"y":-5.584895133972168,"z":-22.819107055664064},"rotation":{"x":0.01609940454363823,"y":-0.9834374785423279,"z":0.1429101824760437,"w":0.11052391678094864},"size":27.261558532714845,"orthographic":false}