{"cameraMode":{"drawMode":0,"name":"Shaded","section":"Shading Mode"},"sceneLighting":false,"audioPlay":false,"sceneViewState":{"showFog":true,"showMaterialUpdate":false,"showSkybox":false,"showFlares":true,"showImageEffects":true,"showParticleSystems":true},"in2DMode":false,"pivot":{"x":-18.384727478027345,"y":0.19170257449150086,"z":20.45572280883789},"rotation":{"x":0.0831914022564888,"y":0.38444778323173525,"z":-0.03483103588223457,"w":0.9187468886375427},"size":0.6952419877052307,"orthographic":false}