{"cameraMode":{"drawMode":0,"name":"Shaded","section":"Shading Mode"},"sceneLighting":false,"audioPlay":false,"sceneViewState":{"showFog":true,"showMaterialUpdate":false,"showSkybox":false,"showFlares":true,"showImageEffects":true,"showParticleSystems":true},"in2DMode":false,"pivot":{"x":-19.921140670776368,"y":0.14279839396476746,"z":11.045381546020508},"rotation":{"x":0.11219651252031326,"y":-0.08512451499700546,"z":0.009347506798803807,"w":0.9901018738746643},"size":0.7742052674293518,"orthographic":false}