{"cameraMode":{"drawMode":0,"name":"Shaded","section":"Shading Mode"},"sceneLighting":false,"audioPlay":false,"sceneViewState":{"showFog":true,"showMaterialUpdate":false,"showSkybox":false,"showFlares":true,"showImageEffects":true,"showParticleSystems":true},"in2DMode":false,"pivot":{"x":3.7684383392333986,"y":0.8141424059867859,"z":-0.9060649275779724},"rotation":{"x":0.07994689792394638,"y":0.864234983921051,"z":-0.14552627503871919,"w":0.4749320149421692},"size":0.5058969259262085,"orthographic":false}