{"cameraMode":{"drawMode":0,"name":"Shaded","section":"Shading Mode"},"sceneLighting":false,"audioPlay":false,"sceneViewState":{"showFog":true,"showMaterialUpdate":false,"showSkybox":false,"showFlares":true,"showImageEffects":true,"showParticleSystems":true},"in2DMode":false,"pivot":{"x":-27.884790420532228,"y":0.4068162143230438,"z":0.8772022724151611},"rotation":{"x":0.10888921469449997,"y":0.36404478549957278,"z":-0.04292100667953491,"w":0.9240147471427918},"size":1.640669584274292,"orthographic":false}