{"cameraMode":{"drawMode":0,"name":"Shaded","section":"Shading Mode"},"sceneLighting":false,"audioPlay":false,"sceneViewState":{"showFog":true,"showMaterialUpdate":false,"showSkybox":false,"showFlares":true,"showImageEffects":true,"showParticleSystems":true},"in2DMode":false,"pivot":{"x":-4.0092620849609379,"y":1.1798391342163087,"z":25.309675216674806},"rotation":{"x":-0.13591518998146058,"y":-0.32322028279304507,"z":0.047005850821733478,"w":-0.9353569746017456},"size":2.168541193008423,"orthographic":false}