{"cameraMode":{"drawMode":0,"name":"Shaded","section":"Shading Mode"},"sceneLighting":false,"audioPlay":false,"sceneViewState":{"showFog":true,"showMaterialUpdate":false,"showSkybox":false,"showFlares":true,"showImageEffects":true,"showParticleSystems":true},"in2DMode":false,"pivot":{"x":6.499029159545898,"y":1.7989318370819092,"z":-4.002593517303467},"rotation":{"x":-0.13591518998146058,"y":-0.32322028279304507,"z":0.047005850821733478,"w":-0.9353569746017456},"size":3.9379265308380129,"orthographic":false}