{"cameraMode":{"drawMode":0,"name":"Shaded","section":"Shading Mode"},"sceneLighting":false,"audioPlay":false,"sceneViewState":{"showFog":true,"showMaterialUpdate":false,"showSkybox":false,"showFlares":true,"showImageEffects":true,"showParticleSystems":true},"in2DMode":false,"pivot":{"x":-29.660409927368165,"y":3.3322460651397707,"z":7.094658374786377},"rotation":{"x":0.29864031076431277,"y":0.6636475324630737,"z":-0.33147627115249636,"w":0.600951611995697},"size":13.680525779724121,"orthographic":false}