{"cameraMode":{"drawMode":0,"name":"Shaded","section":"Shading Mode"},"sceneLighting":false,"audioPlay":false,"sceneViewState":{"showFog":true,"showMaterialUpdate":false,"showSkybox":false,"showFlares":true,"showImageEffects":true,"showParticleSystems":true},"in2DMode":false,"pivot":{"x":-24.367692947387697,"y":6.301029682159424,"z":8.94017219543457},"rotation":{"x":0.05320774391293526,"y":-0.8403698205947876,"z":0.08366790413856507,"w":0.5330073237419128},"size":2.461883068084717,"orthographic":false}