{"cameraMode":{"drawMode":0,"name":"Shaded","section":"Shading Mode"},"sceneLighting":false,"audioPlay":false,"sceneViewState":{"showFog":true,"showMaterialUpdate":false,"showSkybox":false,"showFlares":true,"showImageEffects":true,"showParticleSystems":true},"in2DMode":false,"pivot":{"x":-34.26921463012695,"y":0.2142084836959839,"z":22.393110275268556},"rotation":{"x":0.07039020955562592,"y":0.7988251447677612,"z":-0.09536873549222946,"w":0.5897948741912842},"size":4.285529136657715,"orthographic":false}