{"cameraMode":{"drawMode":0,"name":"Shaded","section":"Shading Mode"},"sceneLighting":false,"audioPlay":false,"sceneViewState":{"showFog":true,"showMaterialUpdate":false,"showSkybox":false,"showFlares":true,"showImageEffects":true,"showParticleSystems":true},"in2DMode":false,"pivot":{"x":0.7392048835754395,"y":18.641033172607423,"z":3.6182708740234377},"rotation":{"x":0.3177408277988434,"y":0.21216918528079987,"z":-0.0789649561047554,"w":0.9213902950286865},"size":151.15040588378907,"orthographic":false}