{"cameraMode":{"drawMode":0,"name":"Shaded","section":"Shading Mode"},"sceneLighting":false,"audioPlay":false,"sceneViewState":{"showFog":true,"showMaterialUpdate":false,"showSkybox":false,"showFlares":true,"showImageEffects":true,"showParticleSystems":true},"in2DMode":false,"pivot":{"x":-18.49553680419922,"y":0.3767266273498535,"z":20.44346046447754},"rotation":{"x":0.0831914022564888,"y":0.38444778323173525,"z":-0.03483103588223457,"w":0.9187468886375427},"size":0.6574658751487732,"orthographic":false}