{"cameraMode":{"drawMode":0,"name":"Shaded","section":"Shading Mode"},"sceneLighting":false,"audioPlay":false,"sceneViewState":{"showFog":true,"showMaterialUpdate":false,"showSkybox":false,"showFlares":true,"showImageEffects":true,"showParticleSystems":true},"in2DMode":false,"pivot":{"x":-27.79106903076172,"y":0.04949718713760376,"z":6.104764938354492},"rotation":{"x":-0.005527493543922901,"y":-0.9886885285377502,"z":0.14519131183624268,"w":-0.03766706585884094},"size":1.7748305797576905,"orthographic":false}