{"cameraMode":{"drawMode":0,"name":"Shaded","section":"Shading Mode"},"sceneLighting":false,"audioPlay":false,"sceneViewState":{"showFog":true,"showMaterialUpdate":false,"showSkybox":false,"showFlares":true,"showImageEffects":true,"showParticleSystems":true},"in2DMode":false,"pivot":{"x":-13.707845687866211,"y":1.2795337438583375,"z":-3.07585072517395},"rotation":{"x":-0.13030068576335908,"y":-0.3234965205192566,"z":0.04506552964448929,"w":-0.9361556172370911},"size":3.443784713745117,"orthographic":false}