{"cameraMode":{"drawMode":0,"name":"Shaded","section":"Shading Mode"},"sceneLighting":false,"audioPlay":false,"sceneViewState":{"showFog":true,"showMaterialUpdate":false,"showSkybox":false,"showFlares":true,"showImageEffects":true,"showParticleSystems":true},"in2DMode":false,"pivot":{"x":-69.00130462646485,"y":0.19974392652511598,"z":4.499858856201172},"rotation":{"x":-0.08389773964881897,"y":-0.9079346060752869,"z":0.2196156233549118,"w":-0.3470337390899658},"size":25.64600944519043,"orthographic":false}