{"cameraMode":{"drawMode":0,"name":"Shaded","section":"Shading Mode"},"sceneLighting":false,"audioPlay":false,"sceneViewState":{"showFog":true,"showMaterialUpdate":false,"showSkybox":false,"showFlares":true,"showImageEffects":true,"showParticleSystems":true},"in2DMode":false,"pivot":{"x":-27.000688552856447,"y":1.2979458570480347,"z":7.477038860321045},"rotation":{"x":-0.13591518998146058,"y":-0.32322028279304507,"z":0.047005850821733478,"w":-0.9353569746017456},"size":3.9324705600738527,"orthographic":false}