{"cameraMode":{"drawMode":0,"name":"Shaded","section":"Shading Mode"},"sceneLighting":false,"audioPlay":false,"sceneViewState":{"showFog":true,"showMaterialUpdate":false,"showSkybox":false,"showFlares":true,"showImageEffects":true,"showParticleSystems":true},"in2DMode":false,"pivot":{"x":22.712646484375,"y":1.2364614009857178,"z":25.596506118774415},"rotation":{"x":0.08061379939317703,"y":-0.7502459287643433,"z":0.09290789812803269,"w":0.6497306227684021},"size":8.980538368225098,"orthographic":false}