{"cameraMode":{"drawMode":0,"name":"Shaded","section":"Shading Mode"},"sceneLighting":false,"audioPlay":false,"sceneViewState":{"showFog":true,"showMaterialUpdate":false,"showSkybox":false,"showFlares":true,"showImageEffects":true,"showParticleSystems":true},"in2DMode":false,"pivot":{"x":-62.747825622558597,"y":5.33189582824707,"z":12.936575889587403},"rotation":{"x":0.02205263264477253,"y":-0.9098398685455322,"z":0.41156816482543948,"w":0.04863087087869644},"size":13.005792617797852,"orthographic":false}