{"cameraMode":{"drawMode":0,"name":"Shaded","section":"Shading Mode"},"sceneLighting":false,"audioPlay":false,"sceneViewState":{"showFog":true,"showMaterialUpdate":false,"showSkybox":false,"showFlares":true,"showImageEffects":true,"showParticleSystems":true},"in2DMode":false,"pivot":{"x":-18.67371940612793,"y":0.21067020297050477,"z":20.489450454711915},"rotation":{"x":0.0831914022564888,"y":0.38444778323173525,"z":-0.03483103588223457,"w":0.9187468886375427},"size":0.6959237456321716,"orthographic":false}