{"cameraMode":{"drawMode":0,"name":"Shaded","section":"Shading Mode"},"sceneLighting":false,"audioPlay":false,"sceneViewState":{"showFog":true,"showMaterialUpdate":false,"showSkybox":false,"showFlares":true,"showImageEffects":true,"showParticleSystems":true},"in2DMode":false,"pivot":{"x":-49.100311279296878,"y":-1.4857211112976075,"z":-0.29803991317749026},"rotation":{"x":-0.21008647978305818,"y":-0.11845701187849045,"z":0.026603378355503084,"w":-0.9704105854034424},"size":7.521242141723633,"orthographic":false}