{"cameraMode":{"drawMode":0,"name":"Shaded","section":"Shading Mode"},"sceneLighting":false,"audioPlay":false,"sceneViewState":{"showFog":true,"showMaterialUpdate":false,"showSkybox":false,"showFlares":true,"showImageEffects":true,"showParticleSystems":true},"in2DMode":false,"pivot":{"x":-38.38848114013672,"y":2.6760919094085695,"z":-7.477962493896484},"rotation":{"x":0.053759388625621799,"y":0.5562859773635864,"z":-0.03611825034022331,"w":0.8284814953804016},"size":8.687780380249024,"orthographic":false}