{"cameraMode":{"drawMode":0,"name":"Shaded","section":"Shading Mode"},"sceneLighting":false,"audioPlay":false,"sceneViewState":{"showFog":true,"showMaterialUpdate":false,"showSkybox":false,"showFlares":true,"showImageEffects":true,"showParticleSystems":true},"in2DMode":false,"pivot":{"x":-4.871912002563477,"y":5.7801833152771,"z":12.911170959472657},"rotation":{"x":-0.15637435019016267,"y":-0.3040067255496979,"z":0.05141942948102951,"w":-0.9386359453201294},"size":12.636102676391602,"orthographic":false}