{"cameraMode":{"drawMode":0,"name":"Shaded","section":"Shading Mode"},"sceneLighting":false,"audioPlay":false,"sceneViewState":{"showFog":true,"showMaterialUpdate":false,"showSkybox":false,"showFlares":true,"showImageEffects":true,"showParticleSystems":true},"in2DMode":false,"pivot":{"x":-14.157417297363282,"y":6.243205547332764,"z":7.185972690582275},"rotation":{"x":0.053759388625621799,"y":0.5562859773635864,"z":-0.03611825034022331,"w":0.8284814953804016},"size":31.41074562072754,"orthographic":false}