{"cameraMode":{"drawMode":0,"name":"Shaded","section":"Shading Mode"},"sceneLighting":false,"audioPlay":false,"sceneViewState":{"showFog":true,"showMaterialUpdate":false,"showSkybox":false,"showFlares":true,"showImageEffects":true,"showParticleSystems":true},"in2DMode":false,"pivot":{"x":-23.757373809814454,"y":6.000033855438232,"z":103.61402130126953},"rotation":{"x":-0.16790445148944856,"y":-0.11183701455593109,"z":0.01921314187347889,"w":-0.9792743921279907},"size":11.33221435546875,"orthographic":false}