{"cameraMode":{"drawMode":0,"name":"Shaded","section":"Shading Mode"},"sceneLighting":false,"audioPlay":false,"sceneViewState":{"showFog":true,"showMaterialUpdate":false,"showSkybox":false,"showFlares":true,"showImageEffects":true,"showParticleSystems":true},"in2DMode":false,"pivot":{"x":-49.747623443603519,"y":0.5456432700157166,"z":3.997192144393921},"rotation":{"x":-0.08857006579637528,"y":-0.30850449204444888,"z":0.02893960475921631,"w":-0.9466879963874817},"size":3.9788248538970949,"orthographic":false}